Description,Transaction ID,Type,Card Number,Date,Amount
Electronic Store,10000000,Books,2345 **** **** 6789,2023-04-05,-153.1
Home Improvement,10000001,Electronics,2345 **** **** 6789,2023-11-23,-96.17
Electronic Store,10000002,Fuel,2345 **** **** 6789,2023-01-04,-181.58
Subscription Service,10000003,Books,2345 **** **** 6789,2023-10-27,-159.61
Gas Station,10000004,Electronics,2345 **** **** 6789,2023-12-24,143.46
Gas Station,10000005,Clothing,2345 **** **** 6789,2023-12-17,-181.56
Bookstore,10000006,Entertainment,3456 **** **** 7890,2023-08-07,-66.93
Bookstore,10000007,Bill,3456 **** **** 7890,2023-02-25,68.66
Restaurant,10000008,Entertainment,2345 **** **** 6789,2023-05-29,-91.65
Bookstore,10000009,Bill,2345 **** **** 6789,2023-05-08,144.55
Home Improvement,10000010,Shopping,2345 **** **** 6789,2023-08-30,-66.22
Online Marketplace,10000011,Entertainment,2345 **** **** 6789,2023-06-16,-13.93
Electronic Store,10000012,Home,3456 **** **** 7890,2023-12-27,-100.18
Online Marketplace,10000013,Home,2345 **** **** 6789,2023-03-29,101.59
Utility Bill,10000014,Books,2345 **** **** 6789,2023-07-14,-19.92
Bookstore,10000015,Fuel,3456 **** **** 7890,2023-01-07,9.47
Bookstore,10000016,Subscription,1234 **** **** 5678,2023-03-06,-173.52
Online Marketplace,10000017,Fuel,1234 **** **** 5678,2023-02-15,149.67
Electronic Store,10000018,Home,1234 **** **** 5678,2023-03-03,-118.51
Clothing Retail,10000019,Fuel,2345 **** **** 6789,2023-10-14,198.69
Online Marketplace,10000020,Subscription,2345 **** **** 6789,2023-09-28,-186.19
Utility Bill,10000021,Shopping,2345 **** **** 6789,2023-03-31,148.59
Gas Station,10000022,Books,1234 **** **** 5678,2023-08-15,194.64
Bookstore,10000023,Clothing,3456 **** **** 7890,2023-05-21,-166.91
Utility Bill,10000024,Bill,1234 **** **** 5678,2023-08-20,-175.11
Electronic Store,10000025,Entertainment,2345 **** **** 6789,2023-08-21,187.13
Subscription Service,10000026,Clothing,1234 **** **** 5678,2023-01-14,134.03
Grocery Store,10000027,Electronics,3456 **** **** 7890,2023-06-11,-63.64
Clothing Retail,10000028,Clothing,3456 **** **** 7890,2023-11-16,-43.09
Subscription Service,10000029,Clothing,3456 **** **** 7890,2023-06-08,107.18
Clothing Retail,10000030,Subscription,1234 **** **** 5678,2023-01-02,135.96
Home Improvement,10000031,Home,3456 **** **** 7890,2023-09-12,52.11
Utility Bill,10000032,Entertainment,3456 **** **** 7890,2023-02-23,118.19
Grocery Store,10000033,Books,1234 **** **** 5678,2023-10-12,-32.16
Gas Station,10000034,Home,2345 **** **** 6789,2023-10-15,94.04
Online Marketplace,10000035,Books,2345 **** **** 6789,2023-03-08,-12.01
Bookstore,10000036,Electronics,2345 **** **** 6789,2023-05-16,163.26
Grocery Store,10000037,Books,3456 **** **** 7890,2023-04-10,73.0
Grocery Store,10000038,Clothing,3456 **** **** 7890,2023-07-07,181.28
Gas Station,10000039,Subscription,2345 **** **** 6789,2023-08-30,25.46
Home Improvement,10000040,Home,2345 **** **** 6789,2023-08-16,-190.59
Gas Station,10000041,Clothing,2345 **** **** 6789,2023-09-22,106.86
Electronic Store,10000042,Entertainment,1234 **** **** 5678,2023-05-24,-142.28
Clothing Retail,10000043,Electronics,1234 **** **** 5678,2023-05-28,40.45
Bookstore,10000044,Shopping,1234 **** **** 5678,2023-10-19,-93.46
Home Improvement,10000045,Electronics,2345 **** **** 6789,2023-08-13,158.65
Clothing Retail,10000046,Home,1234 **** **** 5678,2023-04-08,-192.88
Grocery Store,10000047,Entertainment,1234 **** **** 5678,2023-05-21,-149.54
Gas Station,10000048,Subscription,1234 **** **** 5678,2023-04-29,-91.39
Subscription Service,10000049,Subscription,2345 **** **** 6789,2023-10-01,190.32
Restaurant,10000050,Home,1234 **** **** 5678,2023-03-01,105.88
Utility Bill,10000051,Subscription,2345 **** **** 6789,2023-05-10,77.84
Home Improvement,10000052,Fuel,1234 **** **** 5678,2023-04-02,161.9
Subscription Service,10000053,Shopping,1234 **** **** 5678,2023-03-26,1.18
Clothing Retail,10000054,Subscription,3456 **** **** 7890,2023-06-02,132.29
Subscription Service,10000055,Clothing,1234 **** **** 5678,2023-10-21,-94.66
Clothing Retail,10000056,Home,3456 **** **** 7890,2023-04-06,-151.62
Online Marketplace,10000057,Clothing,2345 **** **** 6789,2023-12-31,-70.84
Grocery Store,10000058,Bill,3456 **** **** 7890,2023-02-11,-59.61
Gas Station,10000059,Electronics,3456 **** **** 7890,2023-09-01,-75.62
Restaurant,10000060,Fuel,1234 **** **** 5678,2023-06-10,14.83
Subscription Service,10000061,Entertainment,1234 **** **** 5678,2023-06-27,-44.56
Clothing Retail,10000062,Entertainment,1234 **** **** 5678,2023-09-29,-77.72
Grocery Store,10000063,Fuel,1234 **** **** 5678,2023-08-18,56.87
Bookstore,10000064,Books,1234 **** **** 5678,2023-12-27,99.35
Restaurant,10000065,Shopping,2345 **** **** 6789,2023-04-22,114.16
Online Marketplace,10000066,Home,3456 **** **** 7890,2023-03-11,163.89
Online Marketplace,10000067,Electronics,2345 **** **** 6789,2023-11-30,-136.91
Bookstore,10000068,Electronics,1234 **** **** 5678,2023-05-11,-153.83
Electronic Store,10000069,Clothing,1234 **** **** 5678,2023-11-05,-140.79
Utility Bill,10000070,Subscription,2345 **** **** 6789,2023-10-30,15.68
Home Improvement,10000071,Shopping,3456 **** **** 7890,2023-10-15,-165.27
Electronic Store,10000072,Entertainment,1234 **** **** 5678,2023-02-22,-19.71
Electronic Store,10000073,Clothing,2345 **** **** 6789,2023-01-30,-135.11
Gas Station,10000074,Shopping,3456 **** **** 7890,2024-01-01,97.04
Utility Bill,10000075,Books,1234 **** **** 5678,2023-02-14,165.56
Bookstore,10000076,Bill,1234 **** **** 5678,2023-01-19,35.23
Grocery Store,10000077,Entertainment,3456 **** **** 7890,2023-11-15,-98.35
Electronic Store,10000078,Subscription,2345 **** **** 6789,2023-09-30,56.96
Online Marketplace,10000079,Books,3456 **** **** 7890,2023-05-26,79.6
Electronic Store,10000080,Shopping,2345 **** **** 6789,2023-01-06,-180.77
Grocery Store,10000081,Fuel,3456 **** **** 7890,2023-07-20,191.39
Utility Bill,10000082,Home,2345 **** **** 6789,2023-03-23,10.58
Online Marketplace,10000083,Books,1234 **** **** 5678,2023-06-14,-135.46
Electronic Store,10000084,Fuel,3456 **** **** 7890,2023-05-23,-35.82
Clothing Retail,10000085,Bill,1234 **** **** 5678,2023-07-15,-0.45
Grocery Store,10000086,Electronics,1234 **** **** 5678,2023-03-18,90.98
Clothing Retail,10000087,Books,2345 **** **** 6789,2023-07-07,-187.31
Electronic Store,10000088,Fuel,3456 **** **** 7890,2023-12-04,21.84
Online Marketplace,10000089,Clothing,1234 **** **** 5678,2023-07-30,-85.77
Electronic Store,10000090,Entertainment,1234 **** **** 5678,2023-07-26,-13.24
Gas Station,10000091,Subscription,3456 **** **** 7890,2023-09-02,-35.56
Electronic Store,10000092,Fuel,1234 **** **** 5678,2023-06-01,-60.58
Bookstore,10000093,Fuel,1234 **** **** 5678,2023-02-09,25.91
Clothing Retail,10000094,Clothing,2345 **** **** 6789,2023-07-14,181.71
Restaurant,10000095,Electronics,2345 **** **** 6789,2023-05-01,100.87
Electronic Store,10000096,Fuel,1234 **** **** 5678,2023-08-11,115.2
Home Improvement,10000097,Fuel,1234 **** **** 5678,2023-11-16,17.79
Online Marketplace,10000098,Shopping,3456 **** **** 7890,2023-05-15,42.93
Utility Bill,10000099,Shopping,1234 **** **** 5678,2023-05-25,-77.26
